{
	"_OPTIONS" : {
		"levels" : 5,
		"architecture" : null
	},
	"_MAIN" : {
		"@context" : {
			"_data" : {
				"_type" : "single",
				"_from" : "default",
				"_value" : "https://schema.org"
			},
			"_handlers" : {
				"_condition" : {
					"_if" : "this",
					"_op" : "empty",
					"_do" : "kill_pack"
				}
			}
		},
		"@type" : {
			"_data" : {
				"_type" : "single",
				"_from" : "data",
				"_access" : [
					"department",
					"$nth",
					"@type"
				]
			},
			"_handlers" : {
				"_escape" : "sanitize_text_field",
				"_condition" : {
					"_if" : "this",
					"_op" : "empty",
					"_do" : "kill_pack"
				},
				"_out" : "string"
			}
		},
		"image" : {
			"_data" : {
				"_type" : "single",
				"_from" : "data",
				"_access" : [
					"department",
					"$nth",
					"image",
					"url"
				]
			},
			"_handlers" : {
				"_escape" : "esc_url_raw",
				"_condition" : {
					"_if" : "this",
					"_op" : "empty",
					"_do" : "kill_pack"
				},
				"_out" : "string"
			}
		},
		"@id" : {
			"_data" : {
				"#comment" : "Allow users to set up their own for multisite compat, use this as fallback + show change through JS.",
				"_type" : "single",
				"_from" : "concat",
				"_config" : {
					"0" : {
						"_data" : {
							"_type" : "single",
							"_from" : "data",
							"_access" : [
								"department",
								"$nth",
								"name"
							]
						},
						"_handlers" : {
							"_escape" : "sanitize_key",
							"_condition" : [
								{
									"_if" : "this",
									"_op" : "empty",
									"_do" : "set",
									"_to" : "$it"
								},
								{
									"_if" : "this",
									"_op" : "empty",
									"_do" : "kill_pack"
								}
							],
							"_out" : "string"
						}
					},
					"1" : {
						"_data" : {
							"_type" : "single",
							"_from" : "default",
							"_value" : "."
						},
						"_handlers" : {}
					},
					"2" : {
						"_data" : {
							"_type" : "single",
							"_from" : "bloginfo",
							"_access" : "url"
						},
						"_handlers" : {
							"_escape" : "convert_to_host",
							"_out" : "string"
						}
					}
				}
			},
			"_handlers" : {
				"_out" : "string",
				"_escape" : "esc_url_raw",
				"_condition" : {
					"_if" : "this",
					"_op" : "empty",
					"_do" : "kill_pack"
				}
			}
		},
		"name" : {
			"_data" : {
				"_type" : "single",
				"_from" : "data",
				"_access" : [
					"department",
					"$nth",
					"name"
				]
			},
			"_handlers" : {
				"_escape" : "sanitize_text_field",
				"_condition" : {
					"_if" : "this",
					"_op" : "empty",
					"_do" : "kill_pack"
				},
				"_out" : "string"
			}
		},
		"address" : {
			"_data" : {
				"_type" : "object",
				"_from" : "generator",
				"_config" : {
					"@type" : {
						"_data" : {
							"_type" : "single",
							"_from" : "default",
							"_value" : "PostalAddress"
						},
						"_handlers" : {}
					},
					"streetAddress" : {
						"_data" : {
							"_type" : "single",
							"_from" : "data",
							"_access" : [
								"department",
								"$nth",
								"address",
								"streetAddress"
							]
						},
						"_handlers" : {
							"_escape" : "sanitize_text_field",
							"_condition" : {
								"_if" : "this",
								"_op" : "empty",
								"_do" : "kill_pack"
							},
							"_out" : "string"
						}
					},
					"addressLocality" : {
						"_data" : {
							"_type" : "single",
							"_from" : "data",
							"_access" : [
								"department",
								"$nth",
								"address",
								"addressLocality"
							]
						},
						"_handlers" : {
							"_escape" : "sanitize_text_field",
							"_condition" : {
								"_if" : "this",
								"_op" : "empty",
								"_do" : "kill_pack"
							},
							"_out" : "string"
						}
					},
					"addressRegion" : {
						"_data" : {
							"_type" : "single",
							"_from" : "data",
							"_access" : [
								"department",
								"$nth",
								"address",
								"addressRegion"
							]
						},
						"_handlers" : {
							"_escape" : "sanitize_text_field",
							"_condition" : {
								"_if" : "this",
								"_op" : "empty",
								"_do" : "kill_this"
							},
							"_out" : "string"
						}
					},
					"postalCode" : {
						"_data" : {
							"_type" : "single",
							"_from" : "data",
							"_access" : [
								"department",
								"$nth",
								"address",
								"postalCode"
							]
						},
						"_handlers" : {
							"_escape" : "sanitize_text_field",
							"_condition" : {
								"_if" : "this",
								"_op" : "empty",
								"_do" : "kill_pack"
							},
							"_out" : "string"
						}
					},
					"addressCountry" : {
						"_data" : {
							"_type" : "single",
							"_from" : "data",
							"_access" : [
								"department",
								"$nth",
								"address",
								"addressCountry"
							]
						},
						"_handlers" : {
							"_escape" : "sanitize_text_field",
							"_condition" : {
								"_if" : "this",
								"_op" : "empty",
								"_do" : "kill_pack"
							},
							"_out" : "string"
						}
					}
				}
			},
			"_handlers" : {
				"_condition" : {
					"_if" : "this",
					"_op" : "empty",
					"_do" : "kill_pack"
				},
				"_out" : "object"
			}
		},
		"geo" : {
			"_data" : {
				"_type" : "object",
				"_from" : "generator",
				"_config" : {
					"@type" : {
						"_data" : {
							"_type" : "single",
							"_from" : "default",
							"_value" : "GeoCoordinates"
						},
						"_handlers" : {}
					},
					"latitude" : {
						"_data" : {
							"_type" : "single",
							"_from" : "data",
							"_access" : [
								"department",
								"$nth",
								"address",
								"latitude"
							]
						},
						"_handlers" : {
							"_condition" : [
								{
									"_if" : "this",
									"_op" : "===",
									"_value" : "",
									"_do" : "kill_pack"
								},
								{
									"_if" : "this",
									"_op" : "!==",
									"_value" : null,
									"_do" : "round",
									"_to" : "7"
								}
							]
						}
					},
					"longitude" : {
						"_data" : {
							"_type" : "single",
							"_from" : "data",
							"_access" : [
								"department",
								"$nth",
								"address",
								"longitude"
							]
						},
						"_handlers" : {
							"_condition" : [
								{
									"_if" : "this",
									"_op" : "===",
									"_value" : "",
									"_do" : "kill_pack"
								},
								{
									"_if" : "this",
									"_op" : "!==",
									"_value" : null,
									"_do" : "round",
									"_to" : "7"
								}
							]
						}
					}
				}
			},
			"_handlers" : {
				"_condition" : {
					"_if" : "this",
					"_op" : "empty",
					"_do" : "kill_this"
				},
				"_out" : "object"
			}
		},
		"url" : {
			"_data" : {
				"_type" : "single",
				"_from" : "data",
				"_access" : [
					"department",
					"$nth",
					"url"
				]
			},
			"_handlers" : {
				"_escape" : "esc_url_raw",
				"_condition" : {
					"_if" : "this",
					"_op" : "empty",
					"_do" : "kill_this"
				},
				"_out" : "string"
			}
		},
		"telephone" : {
			"_data" : {
				"_type" : "single",
				"_from" : "data",
				"_access" : [
					"department",
					"$nth",
					"telephone"
				]
			},
			"_handlers" : {
				"_escape" : "sanitize_text_field",
				"_condition" : {
					"_if" : "this",
					"_op" : "empty",
					"_do" : "kill_this"
				},
				"_out" : "string"
			}
		},
		"menu" : {
			"_data" : {
				"_type" : "single",
				"_from" : "data",
				"_access" : [
					"department",
					"$nth",
					"menu"
				]
			},
			"_handlers" : {
				"_escape" : "esc_url_raw",
				"_condition" : {
					"_if" : "this",
					"_op" : "empty",
					"_do" : "kill_this"
				},
				"_out" : "string"
			}
		},
		"servesCuisine" : {
			"_data" : {
				"_type" : "single",
				"_from" : "data",
				"_access" : [
					"department",
					"$nth",
					"servesCuisine"
				]
			},
			"_handlers" : {
				"_escape" : "sanitize_text_field",
				"_condition" : [
					{
						"_if" : "this",
						"_op" : "empty",
						"_do" : "kill_this"
					},
					{
						"_if" : "this",
						"_op" : "count",
						"_value" : 1,
						"_do" : "current"
					},
					{
						"_if" : "this",
						"_op" : "count_gt",
						"_value" : 1,
						"_do" : "convert",
						"_to" : "array"
					}
				]
			}
		},
		"openingHoursSpecification" : {
			"_data" : {
				"_type" : "iterate",
				"_from" : "data",
				"_access" : [
					"department",
					"$nth",
					"openingHoursSpecification",
					"openingHours",
					"count"
				],
				"_config" : {
					"@type" : {
						"_data" : {
							"_type" : "single",
							"_from" : "default",
							"_value" : "OpeningHoursSpecification"
						},
						"_handlers" : {}
					},
					"dayOfWeek" : {
						"_data" : {
							"_type" : "single",
							"_from" : "data",
							"_access" : [
								"department",
								"$nth",
								"openingHoursSpecification",
								"openingHours",
								"$nth",
								"dayOfWeek"
							]
						},
						"_handlers" : {
							"_escape" : "sanitize_text_field",
							"_condition" : [
								{
									"_if" : "this",
									"_op" : "empty",
									"_do" : "kill_pack"
								},
								{
									"_if" : "this",
									"_op" : "count",
									"_value" : 1,
									"_do" : "current"
								},
								{
									"_if" : "this",
									"_op" : "count_gt",
									"_value" : 1,
									"_do" : "convert",
									"_to" : "array"
								}
							]
						}
					},
					"opens" : {
						"_data" : {
							"_type" : "single",
							"_from" : "data",
							"_access" : [
								"department",
								"$nth",
								"openingHoursSpecification",
								"openingHours",
								"$nth",
								"opens"
							]
						},
						"_handlers" : {
							"_escape" : "sanitize_text_field",
							"_condition" : [
								{
									"#" : "Open or Closed all day",
									"_if" : "data",
									"_access" : [
										"department",
										"$nth",
										"openingHoursSpecification",
										"openingHours",
										"$nth",
										"isOpen"
									],
									"_op" : ">",
									"_value" : 0,
									"_do" : "set",
									"_to" : "0:00"
								},
								{
									"_if" : "this",
									"_op" : "empty",
									"_do" : "kill_pack"
								}
							],
							"_out" : "string"
						}
					},
					"closes" : {
						"_data" : {
							"_type" : "single",
							"_from" : "data",
							"_access" : [
								"department",
								"$nth",
								"openingHoursSpecification",
								"openingHours",
								"$nth",
								"closes"
							]
						},
						"_handlers" : {
							"_escape" : "sanitize_text_field",
							"_condition" : [
								{
									"#" : "Open all day",
									"_if" : "data",
									"_access" : [
										"department",
										"$nth",
										"openingHoursSpecification",
										"openingHours",
										"$nth",
										"isOpen"
									],
									"_op" : "==",
									"_value" : 1,
									"_do" : "set",
									"_to" : "23:59"
								},
								{
									"#" : "Closed all day",
									"_if" : "data",
									"_access" : [
										"department",
										"$nth",
										"openingHoursSpecification",
										"openingHours",
										"$nth",
										"isOpen"
									],
									"_op" : "==",
									"_value" : 2,
									"_do" : "set",
									"_to" : "0:00"
								},
								{
									"_if" : "this",
									"_op" : "empty",
									"_do" : "kill_pack"
								}
							],
							"_out" : "string"
						}
					}
				}
			},
			"_handlers" : {
				"_condition" : {
					"_if" : "this",
					"_op" : "empty",
					"_do" : "kill_this"
				},
				"_out" : "array"
			}
		},
		"acceptsReservations" : {
			"_data" : {
				"_type" : "single",
				"_from" : "data",
				"_access" : [
					"department",
					1,
					"reservations",
					"acceptsReservations"
				]
			},
			"_handlers" : {
				"_condition" : {
					"_if" : "this",
					"_op" : "===",
					"_value" : "",
					"_do" : "kill_this"
				},
				"_out" : "boolean"
			}
		},
		"potentialAction" : {
			"#" : "This is the reserve action type",
			"_data" : {
				"_type" : "object",
				"_from" : "generator",
				"_config" : {
					"@type" : {
						"_data" : {
							"_type" : "single",
							"_from" : "default",
							"_value" : "ReserveAction"
						},
						"_handlers" : {
							"_condition" : {
								"#" : "If no acceptsReservations is selected, kill early.",
								"_if" : "data",
								"_access" : [
									"department",
									"$nth",
									"reservations",
									"acceptsReservations"
								],
								"_op" : "!=",
								"_value" : 1,
								"_do" : "kill_pack"
							}
						}
					},
					"target" : {
						"_data" : {
							"_type" : "object",
							"_from" : "generator",
							"_config" : {
								"@type" : {
									"_data" : {
										"_type" : "single",
										"_from" : "default",
										"_value" : "EntryPoint"
									},
									"_handlers" : {}
								},
								"url" : {
									"_data" : {
										"_type" : "single",
										"_from" : "data",
										"_access" : [
											"department",
											"$nth",
											"reservations",
											"target",
											"url"
										]
									},
									"_handlers" : {
										"_escape" : "esc_url_raw",
										"_condition" : {
											"_if" : "this",
											"_op" : "empty",
											"_do" : "kill_pack"
										},
										"_out" : "string"
									}
								},
								"inLanguage" : {
									"_data" : {
										"_type" : "single",
										"_from" : "data",
										"_access" : [
											"department",
											"$nth",
											"reservations",
											"target",
											"inLanguage"
										]
									},
									"_handlers" : {
										"_escape" : "sanitize_text_field",
										"_condition" : {
											"_if" : "this",
											"_op" : "empty",
											"_do" : "kill_pack"
										},
										"_out" : "string"
									}
								},
								"actionPlatform" : {
									"#" : "This field is unspecified and undocumented, yet required... Oh Googs",
									"_data" : {
										"_type" : "single",
										"_from" : "default",
										"_value" : [
											"http://schema.org/DesktopWebPlatform",
											"http://schema.org/IOSPlatform",
											"http://schema.org/AndroidPlatform"
										]
									},
									"_handlers" : {
										"_out" : "array"
									}
								}
							}
						},
						"_handlers" : {
							"_condition" : {
								"_if" : "this",
								"_op" : "empty",
								"_do" : "kill_pack"
							},
							"_out" : "object"
						}
					},
					"result" : {
						"_data" : {
							"_type" : "object",
							"_from" : "generator",
							"_config" : {
								"@type" : {
									"_data" : {
										"_type" : "single",
										"_from" : "data",
										"_access" : [
											"department",
											"$nth",
											"reservations",
											"@type"
										]
									},
									"_handlers" : {
										"_escape" : "sanitize_text_field",
										"_condition" : {
											"_if" : "this",
											"_op" : "empty",
											"_do" : "kill_pack"
										},
										"_out" : "string"
									}
								},
								"name" : {
									"_data" : {
										"_type" : "single",
										"_from" : "data",
										"_access" : [
											"department",
											"$nth",
											"reservations",
											"name"
										]
									},
									"_handlers" : {
										"_escape" : "sanitize_text_field",
										"_condition" : {
											"_if" : "this",
											"_op" : "empty",
											"_do" : "kill_pack"
										},
										"_out" : "string"
									}
								}
							}
						},
						"_handlers" : {
							"_condition" : {
								"_if" : "this",
								"_op" : "empty",
								"_do" : "kill_pack"
							},
							"_out" : "object"
						}
					}
				}
			},
			"_handlers" : {
				"_condition" : {
					"_if" : "this",
					"_op" : "empty",
					"_do" : "kill_this"
				},
				"_out" : "object"
			}
		}
	}
}
